Daily commit on Sun Feb  9 07:17:59 UTC 2025
Daily commit on Sun Feb  9 07:19:07 UTC 2025
Daily commit on Mon Feb 10 03:03:07 UTC 2025
Daily commit on Tue Feb 11 03:02:14 UTC 2025
Daily commit on Wed Feb 12 03:01:04 UTC 2025
Daily commit on Thu Feb 13 03:01:55 UTC 2025
Daily commit on Fri Feb 14 03:01:30 UTC 2025
Daily commit on Sat Feb 15 02:40:26 UTC 2025
Daily commit on Sun Feb 16 02:46:33 UTC 2025
Daily commit on Mon Feb 17 02:44:34 UTC 2025
Daily commit on Tue Feb 18 02:40:45 UTC 2025
Daily commit on Wed Feb 19 02:41:58 UTC 2025
Daily commit on Thu Feb 20 02:42:29 UTC 2025
Daily commit on Fri Feb 21 02:42:55 UTC 2025
Daily commit on Sat Feb 22 02:39:42 UTC 2025
Daily commit on Sun Feb 23 02:46:40 UTC 2025
Daily commit on Mon Feb 24 02:47:43 UTC 2025
Daily commit on Tue Feb 25 02:45:51 UTC 2025
Daily commit on Wed Feb 26 02:44:33 UTC 2025
Daily commit on Thu Feb 27 02:46:39 UTC 2025
Daily commit on Fri Feb 28 02:47:28 UTC 2025
Daily commit on Sat Mar  1 02:52:01 UTC 2025
Daily commit on Sun Mar  2 02:50:47 UTC 2025
Daily commit on Mon Mar  3 02:50:11 UTC 2025
Daily commit on Tue Mar  4 02:48:52 UTC 2025
Daily commit on Wed Mar  5 02:48:20 UTC 2025
Daily commit on Thu Mar  6 02:49:38 UTC 2025
Daily commit on Fri Mar  7 02:50:34 UTC 2025
Daily commit on Sat Mar  8 02:22:46 UTC 2025
Daily commit on Sun Mar  9 02:27:30 UTC 2025
Daily commit on Mon Mar 10 02:28:27 UTC 2025
Daily commit on Tue Mar 11 02:50:41 UTC 2025
Daily commit on Wed Mar 12 02:49:16 UTC 2025
Daily commit on Thu Mar 13 02:51:41 UTC 2025
Daily commit on Fri Mar 14 02:48:49 UTC 2025
Daily commit on Sat Mar 15 02:45:52 UTC 2025
Daily commit on Sun Mar 16 02:55:06 UTC 2025
Daily commit on Mon Mar 17 02:54:06 UTC 2025
Daily commit on Tue Mar 18 02:53:42 UTC 2025
Daily commit on Wed Mar 19 02:52:37 UTC 2025
Daily commit on Thu Mar 20 02:51:17 UTC 2025
Daily commit on Fri Mar 21 02:53:41 UTC 2025
Daily commit on Sat Mar 22 02:49:14 UTC 2025
Daily commit on Sun Mar 23 02:57:59 UTC 2025
Daily commit on Mon Mar 24 02:57:55 UTC 2025
Daily commit on Tue Mar 25 02:54:28 UTC 2025
Daily commit on Wed Mar 26 02:53:26 UTC 2025
Daily commit on Thu Mar 27 02:53:55 UTC 2025
Daily commit on Fri Mar 28 02:55:39 UTC 2025
Daily commit on Sat Mar 29 02:51:54 UTC 2025
Daily commit on Sun Mar 30 03:00:15 UTC 2025
Daily commit on Mon Mar 31 03:00:43 UTC 2025
Daily commit on Tue Apr  1 03:06:53 UTC 2025
Daily commit on Wed Apr  2 02:56:13 UTC 2025
Daily commit on Thu Apr  3 02:54:43 UTC 2025
Daily commit on Fri Apr  4 02:54:55 UTC 2025
Daily commit on Sat Apr  5 02:52:27 UTC 2025
Daily commit on Sun Apr  6 02:58:55 UTC 2025
Daily commit on Mon Apr  7 02:59:08 UTC 2025
Daily commit on Tue Apr  8 02:55:36 UTC 2025
Daily commit on Wed Apr  9 02:56:46 UTC 2025
Daily commit on Thu Apr 10 02:56:13 UTC 2025
Daily commit on Fri Apr 11 02:56:50 UTC 2025
Daily commit on Sat Apr 12 02:53:26 UTC 2025
Daily commit on Sun Apr 13 04:04:24 UTC 2025
Daily commit on Mon Apr 14 03:01:45 UTC 2025
Daily commit on Tue Apr 15 03:00:09 UTC 2025
Daily commit on Wed Apr 16 02:59:31 UTC 2025
Daily commit on Thu Apr 17 02:58:19 UTC 2025
Daily commit on Fri Apr 18 02:55:27 UTC 2025
Daily commit on Sat Apr 19 02:51:48 UTC 2025
Daily commit on Sun Apr 20 03:02:46 UTC 2025
Daily commit on Mon Apr 21 03:04:24 UTC 2025
Daily commit on Tue Apr 22 02:58:23 UTC 2025
Daily commit on Wed Apr 23 02:59:06 UTC 2025
Daily commit on Thu Apr 24 03:00:49 UTC 2025
Daily commit on Fri Apr 25 03:00:45 UTC 2025
Daily commit on Sat Apr 26 02:55:02 UTC 2025
Daily commit on Sun Apr 27 03:03:25 UTC 2025
Daily commit on Mon Apr 28 03:04:48 UTC 2025
Daily commit on Tue Apr 29 03:01:06 UTC 2025
Daily commit on Wed Apr 30 03:01:00 UTC 2025
Daily commit on Thu May  1 03:10:49 UTC 2025
Daily commit on Fri May  2 03:02:44 UTC 2025
Daily commit on Sat May  3 02:58:40 UTC 2025
Daily commit on Sun May  4 03:10:56 UTC 2025
Daily commit on Mon May  5 03:07:09 UTC 2025
Daily commit on Tue May  6 03:03:11 UTC 2025
Daily commit on Wed May  7 03:04:38 UTC 2025
Daily commit on Thu May  8 03:05:53 UTC 2025
Daily commit on Fri May  9 03:04:55 UTC 2025
Daily commit on Sat May 10 02:58:50 UTC 2025
Daily commit on Sun May 11 03:09:08 UTC 2025
Daily commit on Mon May 12 03:08:29 UTC 2025
Daily commit on Tue May 13 03:06:29 UTC 2025
Daily commit on Wed May 14 03:04:53 UTC 2025
Daily commit on Thu May 15 03:04:42 UTC 2025
Daily commit on Fri May 16 03:07:06 UTC 2025
Daily commit on Sat May 17 03:01:39 UTC 2025
Daily commit on Sun May 18 03:11:57 UTC 2025
Daily commit on Mon May 19 03:12:33 UTC 2025
Daily commit on Tue May 20 03:06:54 UTC 2025
Daily commit on Wed May 21 03:06:19 UTC 2025
Daily commit on Thu May 22 03:06:35 UTC 2025
Daily commit on Fri May 23 03:06:01 UTC 2025
Daily commit on Sat May 24 03:00:32 UTC 2025
Daily commit on Sun May 25 03:14:08 UTC 2025
Daily commit on Mon May 26 03:11:07 UTC 2025
Daily commit on Tue May 27 03:05:43 UTC 2025
Daily commit on Wed May 28 03:07:36 UTC 2025
Daily commit on Thu May 29 03:08:05 UTC 2025
Daily commit on Fri May 30 03:06:20 UTC 2025
Daily commit on Sat May 31 03:04:41 UTC 2025
Daily commit on Sun Jun  1 03:25:38 UTC 2025
Daily commit on Mon Jun  2 03:15:10 UTC 2025
Daily commit on Tue Jun  3 03:10:21 UTC 2025
Daily commit on Wed Jun  4 03:10:50 UTC 2025
Daily commit on Thu Jun  5 03:10:45 UTC 2025
Daily commit on Fri Jun  6 03:09:48 UTC 2025
Daily commit on Sat Jun  7 03:07:43 UTC 2025
Daily commit on Sun Jun  8 03:18:05 UTC 2025
Daily commit on Mon Jun  9 03:16:32 UTC 2025
Daily commit on Tue Jun 10 03:12:53 UTC 2025
Daily commit on Wed Jun 11 03:11:58 UTC 2025
Daily commit on Thu Jun 12 03:10:26 UTC 2025
Daily commit on Fri Jun 13 03:11:57 UTC 2025
Daily commit on Sat Jun 14 03:06:24 UTC 2025
Daily commit on Sun Jun 15 03:18:08 UTC 2025
Daily commit on Mon Jun 16 03:16:02 UTC 2025
Daily commit on Tue Jun 17 03:12:23 UTC 2025
Daily commit on Wed Jun 18 03:11:11 UTC 2025
Daily commit on Thu Jun 19 03:11:58 UTC 2025
Daily commit on Fri Jun 20 03:11:11 UTC 2025
Daily commit on Sat Jun 21 03:07:19 UTC 2025
Daily commit on Sun Jun 22 03:19:36 UTC 2025
Daily commit on Mon Jun 23 03:20:07 UTC 2025
Daily commit on Tue Jun 24 03:13:04 UTC 2025
Daily commit on Wed Jun 25 03:13:55 UTC 2025
Daily commit on Thu Jun 26 03:12:23 UTC 2025
Daily commit on Fri Jun 27 03:13:50 UTC 2025
Daily commit on Sat Jun 28 03:08:37 UTC 2025
Daily commit on Sun Jun 29 03:22:38 UTC 2025
Daily commit on Mon Jun 30 03:18:53 UTC 2025
Daily commit on Tue Jul  1 03:23:56 UTC 2025
Daily commit on Wed Jul  2 03:13:09 UTC 2025
Daily commit on Thu Jul  3 03:14:30 UTC 2025
Daily commit on Fri Jul  4 03:12:40 UTC 2025
Daily commit on Sat Jul  5 03:08:29 UTC 2025
Daily commit on Sun Jul  6 03:20:41 UTC 2025
Daily commit on Mon Jul  7 03:18:52 UTC 2025
Daily commit on Tue Jul  8 03:13:58 UTC 2025
Daily commit on Wed Jul  9 03:16:21 UTC 2025
Daily commit on Thu Jul 10 03:16:13 UTC 2025
Daily commit on Fri Jul 11 03:21:19 UTC 2025
Daily commit on Sat Jul 12 03:19:40 UTC 2025
Daily commit on Sun Jul 13 03:26:00 UTC 2025
Daily commit on Mon Jul 14 03:25:44 UTC 2025
Daily commit on Tue Jul 15 03:23:48 UTC 2025
Daily commit on Wed Jul 16 03:21:48 UTC 2025
Daily commit on Thu Jul 17 03:21:34 UTC 2025
Daily commit on Fri Jul 18 03:23:01 UTC 2025
Daily commit on Sat Jul 19 03:16:56 UTC 2025
Daily commit on Sun Jul 20 03:39:16 UTC 2025
Daily commit on Mon Jul 21 03:28:42 UTC 2025
Daily commit on Tue Jul 22 03:22:45 UTC 2025
Daily commit on Wed Jul 23 03:24:42 UTC 2025
Daily commit on Thu Jul 24 03:22:59 UTC 2025
Daily commit on Fri Jul 25 03:22:53 UTC 2025
Daily commit on Sat Jul 26 03:19:48 UTC 2025
Daily commit on Sun Jul 27 03:40:32 UTC 2025
Daily commit on Mon Jul 28 03:39:14 UTC 2025
Daily commit on Tue Jul 29 03:42:50 UTC 2025
Daily commit on Wed Jul 30 03:27:50 UTC 2025
Daily commit on Thu Jul 31 03:26:24 UTC 2025
Daily commit on Fri Aug  1 03:48:23 UTC 2025
Daily commit on Sat Aug  2 03:19:45 UTC 2025
Daily commit on Sun Aug  3 03:43:50 UTC 2025
Daily commit on Mon Aug  4 03:48:26 UTC 2025
Daily commit on Tue Aug  5 03:40:23 UTC 2025
Daily commit on Wed Aug  6 03:28:37 UTC 2025
Daily commit on Thu Aug  7 03:28:28 UTC 2025
Daily commit on Fri Aug  8 03:28:25 UTC 2025
Daily commit on Sat Aug  9 03:14:13 UTC 2025
Daily commit on Sun Aug 10 03:28:29 UTC 2025
Daily commit on Mon Aug 11 03:27:13 UTC 2025
Daily commit on Tue Aug 12 03:11:23 UTC 2025
Daily commit on Wed Aug 13 03:13:38 UTC 2025
Daily commit on Thu Aug 14 03:14:50 UTC 2025
Daily commit on Fri Aug 15 03:15:22 UTC 2025
Daily commit on Sat Aug 16 03:08:51 UTC 2025
Daily commit on Sun Aug 17 03:19:18 UTC 2025
Daily commit on Mon Aug 18 03:23:06 UTC 2025
Daily commit on Tue Aug 19 03:04:36 UTC 2025
Daily commit on Wed Aug 20 03:02:55 UTC 2025
Daily commit on Thu Aug 21 03:02:07 UTC 2025
Daily commit on Fri Aug 22 03:02:27 UTC 2025
Daily commit on Sat Aug 23 02:56:53 UTC 2025
Daily commit on Sun Aug 24 03:12:33 UTC 2025
Daily commit on Mon Aug 25 03:09:07 UTC 2025
Daily commit on Tue Aug 26 03:03:36 UTC 2025
Daily commit on Wed Aug 27 02:57:17 UTC 2025
Daily commit on Thu Aug 28 02:57:05 UTC 2025
Daily commit on Fri Aug 29 02:57:04 UTC 2025
Daily commit on Sat Aug 30 02:50:34 UTC 2025
Daily commit on Sun Aug 31 03:01:07 UTC 2025
Daily commit on Mon Sep  1 03:14:18 UTC 2025
Daily commit on Tue Sep  2 03:00:32 UTC 2025
Daily commit on Wed Sep  3 02:48:36 UTC 2025
Daily commit on Thu Sep  4 02:49:30 UTC 2025
Daily commit on Fri Sep  5 02:53:12 UTC 2025
Daily commit on Sat Sep  6 02:46:47 UTC 2025
Daily commit on Sun Sep  7 02:57:00 UTC 2025
Daily commit on Mon Sep  8 03:00:23 UTC 2025
Daily commit on Tue Sep  9 02:55:43 UTC 2025
Daily commit on Wed Sep 10 02:49:07 UTC 2025
Daily commit on Thu Sep 11 02:54:27 UTC 2025
Daily commit on Fri Sep 12 02:47:42 UTC 2025
Daily commit on Sat Sep 13 02:40:09 UTC 2025
Daily commit on Sun Sep 14 02:56:24 UTC 2025
Daily commit on Mon Sep 15 03:01:14 UTC 2025
Daily commit on Tue Sep 16 02:50:46 UTC 2025
Daily commit on Wed Sep 17 02:48:58 UTC 2025
Daily commit on Thu Sep 18 02:51:48 UTC 2025
Daily commit on Fri Sep 19 02:54:56 UTC 2025
Daily commit on Sat Sep 20 02:46:41 UTC 2025
Daily commit on Sun Sep 21 03:01:15 UTC 2025
Daily commit on Mon Sep 22 03:00:57 UTC 2025
Daily commit on Tue Sep 23 02:52:06 UTC 2025
Daily commit on Wed Sep 24 02:53:32 UTC 2025
Daily commit on Thu Sep 25 02:55:41 UTC 2025
Daily commit on Fri Sep 26 02:53:57 UTC 2025
Daily commit on Sat Sep 27 02:46:43 UTC 2025
Daily commit on Sun Sep 28 03:01:36 UTC 2025
Daily commit on Mon Sep 29 02:58:08 UTC 2025
Daily commit on Tue Sep 30 02:52:43 UTC 2025
Daily commit on Wed Oct  1 03:04:38 UTC 2025
Daily commit on Thu Oct  2 02:51:00 UTC 2025
Daily commit on Fri Oct  3 02:50:38 UTC 2025
Daily commit on Sat Oct  4 02:43:02 UTC 2025
Daily commit on Sun Oct  5 03:00:46 UTC 2025
Daily commit on Mon Oct  6 02:56:10 UTC 2025
Daily commit on Tue Oct  7 02:51:54 UTC 2025
Daily commit on Wed Oct  8 02:51:57 UTC 2025
Daily commit on Thu Oct  9 02:54:15 UTC 2025
Daily commit on Fri Oct 10 02:54:55 UTC 2025
Daily commit on Sat Oct 11 02:45:53 UTC 2025
Daily commit on Sun Oct 12 02:56:31 UTC 2025
Daily commit on Mon Oct 13 03:03:10 UTC 2025
Daily commit on Tue Oct 14 02:54:55 UTC 2025
Daily commit on Wed Oct 15 02:58:54 UTC 2025
Daily commit on Thu Oct 16 02:57:18 UTC 2025
Daily commit on Fri Oct 17 02:56:21 UTC 2025
Daily commit on Sat Oct 18 02:47:54 UTC 2025
Daily commit on Sun Oct 19 03:08:57 UTC 2025
Daily commit on Mon Oct 20 03:08:22 UTC 2025
Daily commit on Tue Oct 21 02:59:29 UTC 2025
Daily commit on Wed Oct 22 03:04:20 UTC 2025
Daily commit on Thu Oct 23 02:57:44 UTC 2025
Daily commit on Fri Oct 24 02:54:24 UTC 2025
Daily commit on Sat Oct 25 02:56:04 UTC 2025
Daily commit on Sun Oct 26 03:03:38 UTC 2025
Daily commit on Mon Oct 27 03:12:34 UTC 2025
Daily commit on Tue Oct 28 03:01:21 UTC 2025
Daily commit on Wed Oct 29 03:08:51 UTC 2025
Daily commit on Thu Oct 30 03:04:52 UTC 2025
Daily commit on Fri Oct 31 03:04:14 UTC 2025
Daily commit on Sat Nov  1 03:04:34 UTC 2025
Daily commit on Sun Nov  2 03:08:32 UTC 2025
Daily commit on Mon Nov  3 03:10:17 UTC 2025
Daily commit on Tue Nov  4 03:03:59 UTC 2025
Daily commit on Wed Nov  5 03:04:46 UTC 2025
Daily commit on Thu Nov  6 03:07:17 UTC 2025
Daily commit on Fri Nov  7 03:04:03 UTC 2025
Daily commit on Sat Nov  8 02:56:17 UTC 2025
Daily commit on Sun Nov  9 03:06:15 UTC 2025
Daily commit on Mon Nov 10 03:12:10 UTC 2025
Daily commit on Tue Nov 11 03:06:58 UTC 2025
Daily commit on Wed Nov 12 03:05:57 UTC 2025
Daily commit on Thu Nov 13 03:08:12 UTC 2025
Daily commit on Fri Nov 14 03:06:38 UTC 2025
Daily commit on Sat Nov 15 03:00:27 UTC 2025
Daily commit on Sun Nov 16 03:11:07 UTC 2025
Daily commit on Mon Nov 17 03:08:50 UTC 2025
Daily commit on Tue Nov 18 03:05:58 UTC 2025
Daily commit on Wed Nov 19 03:05:25 UTC 2025
Daily commit on Thu Nov 20 03:03:23 UTC 2025
Daily commit on Fri Nov 21 03:04:15 UTC 2025
Daily commit on Sat Nov 22 02:58:06 UTC 2025
Daily commit on Sun Nov 23 03:19:52 UTC 2025
Daily commit on Mon Nov 24 03:16:30 UTC 2025
Daily commit on Tue Nov 25 03:08:15 UTC 2025
